<VIDEO>
    <NAME>fingers</NAME>
    <THUMBNAIL>fingers</THUMBNAIL>
    <ICONS>
        <FRAME>icons/fingers0.png</FRAME>
        <FRAME>icons/fingers1.png</FRAME>
        <FRAME>icons/fingers2.png</FRAME>
        <FRAME>icons/fingers3.png</FRAME>
        <FRAME>icons/fingers4.png</FRAME>
    </ICONS>
    <COLOR>
        <RED>130.540344238</RED>
        <GREEN>106.757804871</GREEN>
        <BLUE>101.910858154</BLUE>
    </COLOR>
    <LUMINANCE>111.462127686</LUMINANCE>
</VIDEO>
