<Tags>Abraco</Tags>
<Event>People</Event>
<Luminancia>214.000000000</Luminancia>
<Color>88</Color>
<Number />
<Number />
<Number />
<Number />
<Number />
<Number />
<Number />
<Number />
<Number />
<Number />
<Number />
<Number />
<Number />
<Number />
<Number />
<Number />
<Number />
<Number />
<Number />
<Number />
<Number />
<Number />
<Number />
<Number />
<Number />
<Number />
<Number />
<Number />
<Number />
<Number of faces>1</Number of faces>
<Vertical>0.279020011</Vertical>
<Horizontal>0.322851986</Horizontal>
<45>0.302931994</45>
<135>0.351924002</135>
<NonDirection>0.145687997</NonDirection>
<Average>10.625000000</Average>
<Variance>0.000000000</Variance>
<Match>90</Match>
