<Tags>Apaixonado</Tags>
<Event>2Person</Event>
<Luminancia>208.000000000</Luminancia>
<Color>65</Color>
<Number />
<Vertical>0.184003994</Vertical>
<Horizontal>0.273375988</Horizontal>
<45>
<45>
<45>
<45>
<45>
<45>
<45>
<45>
<45>
<Number />
<Number />
<Number />
<Number />
<Number />
<Number />
<Number />
<Number />
<Number />
<Number />
<Number />
<Number />
<Number />
<Number />
<Number />
<Number />
<Number />
<Number />
<Number />
<Number />
<Number />
<Number />
<Number />
<Number />
<Number />
<Number />
<Number />
<Number />
<Number />
<Number />
<Number />
<Number />
<Number />
<Number />
<Number />
<Number />
<Number of faces>1</Number of faces>
<45>0.201539993</45>
<135>0.263559997</135>
<NonDirection>0.119075999</NonDirection>
<Average>10.434622765</Average>
<Variance>47.220611572</Variance>
<Match>63</Match>
