<Tags>Malandro</Tags>
<Event>NoEvent</Event>
<Luminancia>217.000000000</Luminancia>
<Color>102</Color>
<Number />
<Number />
<Number />
<Number />
<Number />
<Number />
<Number />
<Number />
<Number />
<Number />
<Number />
<Number />
<Number />
<Number />
<Number />
<Number />
<Number />
<Number />
<Number />
<Number />
<Number />
<Number />
<Number />
<Number />
<Number />
<Number />
<Number />
<Number />
<Number />
<Number />
<Number />
<Number />
<Number />
<Number />
<Number />
<Number />
<Number />
<Number />
<Number />
<Number />
<Number />
<Number />
<Number />
<Number />
<Number />
<Number />
<Number />
<Number />
<Number />
<Number />
<Number />
<Number />
<Number />
<Number />
<Number />
<Number />
<Number />
<Number />
<Number of faces>0</Number of faces>
<Vertical>0.225812003</Vertical>
<Horizontal>0.267807990</Horizontal>
<45>0.233720005</45>
<135>0.275411993</135>
<NonDirection>0.138163999</NonDirection>
<Average>10.620353699</Average>
<Variance>1.145387292</Variance>
<Match>27</Match>
