<Tags>Babado</Tags>
<Event>2Person</Event>
<Luminancia>93.000000000</Luminancia>
<Color>47</Color>
<Number />
<Vertical>0.438531995</Vertical>
<Horizontal>0.434724003</Horizontal>
<45>
<45>
<45>
<45>
<45>
<45>
<45>
<45>
<45>
<Number />
<Number />
<Number />
<Number />
<Number />
<Number />
<Number />
<Number />
<Number />
<Number />
<Number />
<Number />
<Number />
<Number />
<Number />
<Number />
<Number />
<Number />
<Number />
<Number />
<Number />
<Number />
<Number />
<Number />
<Number />
<Number />
<Number />
<Number />
<Number />
<Number />
<Number />
<Number />
<Number />
<Number />
<Number />
<Number />
<Number />
<Number />
<Number />
<Number of faces>0</Number of faces>
<45>0.437436014</45>
<135>0.436623991</135>
<NonDirection>0.426988006</NonDirection>
<Average>10.135008812</Average>
<Variance>115.636039734</Variance>
<Match>74</Match>
