<Tags>Pensativo</Tags>
<Event>Motion</Event>
<Luminancia>206.000000000</Luminancia>
<Color>71</Color>
<Number />
<Number />
<Number />
<Number />
<Number />
<Number />
<Number />
<Number />
<Number />
<Number />
<Number />
<Number />
<Number />
<Number />
<Number />
<Number />
<Number />
<Number />
<Number />
<Number />
<Number />
<Number />
<Number />
<Number />
<Number />
<Number />
<Number />
<Number />
<Number />
<Number />
<Number />
<Number />
<Number />
<Number />
<Number />
<Number />
<Number />
<Number />
<Number />
<Number />
<Number />
<Number />
<Number />
<Number />
<Number />
<Number />
<Number />
<Number />
<Number />
<Number />
<Number />
<Number />
<Number />
<Number />
<Number />
<Number of faces>1</Number of faces>
<Vertical>0.174687997</Vertical>
<Horizontal>0.193200007</Horizontal>
<45>0.184348002</45>
<135>0.197359994</135>
<NonDirection>0.110523999</NonDirection>
<Average>10.625000000</Average>
<Variance>0.000000000</Variance>
<Match>53</Match>
